<?xml version="1.0" encoding="UTF-8"?><metadata>
    <idinfo>
        <descript>
            <abstract>This is a spatial depiction of the California Coastal Zone as defined by the California Coastal Commission. For more information, please see https://www.coastal.ca.gov/maps/czb/</abstract>
            <purpose>California Coastal Commission Coastal Zone</purpose>
        </descript>
        <keywords>
            <theme>
                <themekt>None</themekt>
                <themekey>California</themekey>
                <themekey>Coast</themekey>
                <themekey>Coastal Commission</themekey>
            </theme>
        </keywords>
        <accconst>None</accconst>
        <useconst/>
        <datacred>California Coastal Commision</datacred>
    </idinfo>
    <metainfo>
        <metstdn>FGDC Content Standard for Digital Geospatial Metadata</metstdn>
        <metstdv>FGDC-STD-001-1998</metstdv>
        <mettc>local time</mettc>
    </metainfo>
</metadata>
